{
  "left": {
    "precision": 0.9069811664006795,
    "recall": 0.9459459459459459,
    "f1": 0.9260538654642463,
    "map50": 0.9567391304347825
  },
  "right": {
    "precision": 0.7134317717322473,
    "recall": 1.0,
    "f1": 0.83275188834742,
    "map50": 0.9537623911888815
  },
  "stop": {
    "precision": 1.0,
    "recall": 0.9687956414825908,
    "f1": 0.9841505345400344,
    "map50": 0.995
  }
}