{
  "left": {
    "precision": 1.0,
    "recall": 0.9247691949107559,
    "f1": 0.9609143759739296,
    "map50": 0.9818787878787879,
    "delta_f1": 0.03486051050968331,
    "delta_map50": 0.02513965744400537
  },
  "right": {
    "precision": 0.9472188958239735,
    "recall": 1.0,
    "f1": 0.9728941084696633,
    "map50": 0.9771750663129972,
    "delta_f1": 0.1401422201222433,
    "delta_map50": 0.02341267512411571
  },
  "stop": {
    "precision": 0.9969013068069608,
    "recall": 1.0,
    "f1": 0.9984482492036655,
    "map50": 0.995,
    "delta_f1": 0.014297714663631056,
    "delta_map50": 0.0
  },
  "finish": {
    "precision": 0.995098634013604,
    "recall": 1.0,
    "f1": 0.9975432964050827,
    "map50": 0.995
  }
}